"","site","lat","lon","Country","Biome","Date","Uncertainty","Technological Complex"
"1","Amadzimba Cave",-20.75,28.75,"Zimbabwe","Savanna Biome",4200,"150","Wilton"
"2","Apollo 11 Cave",-27.75,17.1,"Namibia","Desert Biome",6200,"65","Wilton"
"3","Apollo 11 Cave",-27.75,17.1,"Namibia","Desert Biome",9430,"90","Wilton"
"4","Apollo 11 Cave",-27.75,17.1,"Namibia","Desert Biome",10420,"80","Wilton"
"5","Apollo 11 Cave",-27.75,17.1,"Namibia","Desert Biome",7200,"75","Wilton"
"6","Apollo 11 Cave",-27.75,17.1,"Namibia","Desert Biome",6480,"80","Wilton"
"7","Apollo 11 Cave",-27.75,17.1,"Namibia","Desert Biome",7280,"80","Wilton"
"8","Aspoort Cave",-32.5,19.519,"South Africa","Succulent Karoo Biome",5220,"60",""
"9","Aspoort Cave",-32.5,19.519,"South Africa","Succulent Karoo Biome",9420,"160",""
"10","Aspoort Cave",-32.5,19.519,"South Africa","Succulent Karoo Biome",6850,"145",""
"11","Balerno Main Shelter",-22.265,29.188,"South Africa","Savanna Biome",7350,"80",""
"12","Balerno Main Shelter",-22.265,29.188,"South Africa","Savanna Biome",11040,"90",""
"13","Ballito Bay",-29.52,31.229,"South Africa","Indian Ocean Coastal Belt",5900,"110",""
"14","Banda Cave",-26.2,31.033,"Swaziland","Grassland Biome",5890,"80",""
"15","Belleview",-29.999,29.058,"South Africa","Grassland Biome",7670,"50",""
"16","Blombosfontein 1",-34.4,21.217,"South Africa","Fynbos Biome",6960,"70","Wilton"
"17","Blombosfontein 2",-34.4,21.217,"South Africa","Fynbos Biome",6740,"70","Wilton"
"18","Blombosfontein 3",-34.4,21.217,"South Africa","Fynbos Biome",5960,"70","Wilton"
"19","Blombosfontein 4",-34.4,21.217,"South Africa","Fynbos Biome",5680,"70","Wilton"
"20","Blombosfontein 5",-34.4,21.217,"South Africa","Fynbos Biome",5520,"70","Wilton"
"21","Blombosfontein 6",-34.4,21.217,"South Africa","Fynbos Biome",4070,"60","Wilton"
"22","Blydefontein",-31.13,25.05,"South Africa","Grassland Biome",9400,"100",""
"23","Blydefontein",-31.133,25.05,"South Africa","Grassland Biome",11850,"150","Robberg"
"24","Blydefontein",-31.133,25.05,"South Africa","Grassland Biome",4066,"55","Wilton"
"25","Blydefontein",-31.133,25.05,"South Africa","Grassland Biome",4286,"149","Wilton"
"26","Blydefontein",-31.133,25.05,"South Africa","Grassland Biome",4101,"273","Wilton"
"27","Bonteberg Shelter",-34.2,18.383,"South Africa","Fynbos Biome",4690,"100",""
"28","Boomplaas",-33.383,22.183,"South Africa","Fynbos Biome",10430,"80","Robberg"
"29","Boomplaas",-33.383,22.183,"South Africa","Fynbos Biome",10505,"45","Robberg"
"30","Boomplaas",-33.383,22.183,"South Africa","Fynbos Biome",6400,"75","Wilton"
"31","Brandsebaai 2",-31.35,17.917,"South Africa","Succulent Karoo Biome",4510,"30",""
"32","Buffelskloof",-33.667,21.867,"South Africa","Thicket Biome",5120,"65","Wilton"
"33","Buffelskloof",-33.667,21.867,"South Africa","Thicket Biome",11875,"115",""
"34","Buffelskloof",-33.667,21.867,"South Africa","Thicket Biome",7460,"65","Wilton"
"35","Buffelskloof",-33.667,21.867,"South Africa","Thicket Biome",7300,"120","Wilton"
"36","Nelson Bay Cave",-34.101,23.378,"South Africa","Fynbos Biome",11950,"150","Oakhurst"
"37","Klipfonteinrand",-32.067,20.167,"South Africa","Succulent Karoo Biome",11723,"52","Oakhurst"
"38","Nelson Bay Cave",-34.101,23.378,"South Africa","Fynbos Biome",11505,"110","Oakhurst"
"39","Buzz Shelter",-31.524,18.6,"South Africa","Succulent Karoo Biome",4551,"54",""
"40","Buzz Shelter",-31.524,18.6,"South Africa","Succulent Karoo Biome",5452,"54",""
"41","Buzz Shelter",-31.524,18.6,"South Africa","Succulent Karoo Biome",4185,"31",""
"42","Byneskranskop 1",-34.583,19.467,"South Africa","Fynbos Biome",5428,"33","Wilton"
"43","Byneskranskop 1",-34.583,19.467,"South Africa","Fynbos Biome",5684,"32","Wilton"
"44","Byneskranskop 1",-34.583,19.467,"South Africa","Fynbos Biome",5263,"33","Wilton"
"45","Byneskranskop 1",-34.583,19.467,"South Africa","Fynbos Biome",5589,"34","Wilton"
"46","Byneskranskop 1",-34.583,19.467,"South Africa","Fynbos Biome",6048,"33","Wilton"
"47","Matjies River",-34.017,23.417,"South Africa","Azonal Vegetation",11250,"400","Oakhurst"
"48","Drotsky's Cave",-20.333,21.417,"Botswana","Desert Biome",11240,"60","Oakhurst"
"49","Nelson Bay Cave",-34.101,23.378,"South Africa","Fynbos Biome",11080,"260","Oakhurst"
"50","Elands Bay Cave",-32.317,18.318,"South Africa","Fynbos Biome",11070,"140","Oakhurst"
"51","Byneskranskop 1",-34.583,19.467,"South Africa","Fynbos Biome",6370,"90","Wilton"
"52","Byneskranskop 1",-34.583,19.467,"South Africa","Fynbos Biome",6540,"55","Wilton"
"53","Byneskranskop 1",-34.583,19.467,"South Africa","Fynbos Biome",7750,"90","Wilton"
"54","Byneskranskop 1",-34.583,19.467,"South Africa","Fynbos Biome",6100,"140","Wilton"
"55","Byneskranskop 3",-34.583,19.467,"South Africa","Fynbos Biome",4820,"90",""
"56","Cauldwell Shelter",-26.333,31.167,"Swaziland","Grassland Biome",6750,"70",""
"57","Cave James",-25.683,27.983,"South Africa","Savanna Biome",7840,"170",""
"58","Cave James",-25.683,27.983,"South Africa","Savanna Biome",6130,"110","Wilton"
"59","Cave James",-25.683,27.983,"South Africa","Savanna Biome",6740,"270",""
"60","Cha-re Shelter",-23.65,15.917,"Namibia","Desert Biome",5740,"60",""
"61","Cha-re Shelter",-23.65,15.917,"Namibia","Desert Biome",6840,"70",""
"62","Chicaza",-12.89,35.25,"Mozambique","",4048,"20",""
"63","Chicaza",-12.89,35.25,"Mozambique","",6793,"30",""
"64","Chicaza",-12.89,35.25,"Mozambique","",8293,"40",""
"65","Chicaza",-12.89,35.25,"Mozambique","",9163,"25",""
"66","Colwinton",-31.15,27.767,"South Africa","Grassland Biome",6270,"40","Wilton"
"67","Cymot Shelter",-21.917,14.783,"Namibia","Desert Biome",5740,"110",""
"68","Deurspring 16",-32.006,18.305,"South Africa","Fynbos Biome",4800,"60",""
"69","Deurspring 16",-32.006,18.305,"South Africa","Fynbos Biome",5390,"70",""
"70","Diamond Shelter",-28.492,28.948,"South Africa","Grassland Biome",4900,"60","Wilton"
"71","Diaz Street Midden",-33.009,17.94,"South Africa","Fynbos Biome",5690,"40",""
"72","Diaz Street Midden",-33.009,17.94,"South Africa","Fynbos Biome",5300,"40",""
"73","Dikbosch 1",-28.652,23.903,"South Africa","Savanna Biome",8010,"60","Wilton"
"74","Doorspring 1",-32,18.3,"South Africa","Fynbos Biome",5130,"50",""
"75","Doorspring 1",-32,18.3,"South Africa","Fynbos Biome",4090,"35",""
"76","Nyonyane",-27.3,31.9,"Swaziland","Grassland Biome",10970,"430","Oakhurst"
"77","Elands Bay Cave",-32.317,18.318,"South Africa","Fynbos Biome",10860,"180","Oakhurst"
"78","Elands Bay Cave",-32.317,18.318,"South Africa","Fynbos Biome",10840,"70","Oakhurst"
"79","Dune Field Midden",-32.301,18.348,"South Africa","Fynbos Biome",6135,"40","Wilton"
"80","Elands Bay Cave",-32.317,18.318,"South Africa","Fynbos Biome",8110,"90","Wilton"
"81","Elands Bay Cave",-32.317,18.318,"South Africa","Fynbos Biome",10700,"100","Oakhurst"
"82","Elands Bay Cave",-32.317,18.318,"South Africa","Fynbos Biome",11415,"80","Robberg"
"83","Elands Bay Cave",-32.317,18.318,"South Africa","Fynbos Biome",9800,"160",""
"84","Elands Bay Cave",-32.317,18.318,"South Africa","Fynbos Biome",10660,"100","Oakhurst"
"85","Elands Bay Cave",-32.317,18.318,"South Africa","Fynbos Biome",11370,"110","Robberg"
"86","Matjies River",-34.017,23.417,"South Africa","Azonal Vegetation",10660,"280","Oakhurst"
"87","Elands Bay Cave",-32.317,18.318,"South Africa","Fynbos Biome",10640,"110","Oakhurst"
"88","Elands Bay Cave",-32.317,18.318,"South Africa","Fynbos Biome",8000,"95",""
"89","Elands Bay Cave",-32.317,18.318,"South Africa","Fynbos Biome",8340,"80","Wilton"
"90","Elands Bay Cave",-32.317,18.318,"South Africa","Fynbos Biome",7910,"80","Wilton"
"91","Elands Bay Cave",-32.317,18.318,"South Africa","Fynbos Biome",10620,"100","Oakhurst"
"92","Nelson Bay Cave",-34.101,23.378,"South Africa","Fynbos Biome",10600,"150","Oakhurst"
"93","Elands Bay Cave",-32.317,18.318,"South Africa","Fynbos Biome",9750,"100",""
"94","Elands Bay Cave",-32.317,18.318,"South Africa","Fynbos Biome",10560,"100","Oakhurst"
"95","Nelson Bay Cave",-34.101,23.378,"South Africa","Fynbos Biome",10540,"110","Oakhurst"
"96","Elands Bay Cave",-32.317,18.318,"South Africa","Fynbos Biome",4370,"60","Wilton"
"97","Matjies River",-34.017,23.417,"South Africa","Azonal Vegetation",10500,"400","Oakhurst"
"98","Melkhoutboom",-33.317,25.283,"South Africa","Thicket Biome",10500,"190","Oakhurst"
"99","Elands Bay Cave",-32.317,18.318,"South Africa","Fynbos Biome",10460,"80","Oakhurst"
"100","Elands Bay Cave",-32.317,18.318,"South Africa","Fynbos Biome",4160,"60","Wilton"
"101","Heuningsneskrans",-24.6,30.65,"South Africa","Savanna Biome",10430,"150","Oakhurst"
"102","Boomplaas",-33.383,22.183,"South Africa","Fynbos Biome",10425,"125","Oakhurst"
"103","Nelson Bay Cave",-34.101,23.378,"South Africa","Fynbos Biome",10340,"50","Oakhurst"
"104","Nelson Bay Cave",-34.101,23.378,"South Africa","Fynbos Biome",10256,"210","Oakhurst"
"105","Equus Cave",-27.617,24.633,"South Africa","Savanna Biome",7480,"80",""
"106","Equus Cave",-27.617,24.633,"South Africa","Savanna Biome",5060,"60",""
"107","Equus Cave",-27.617,24.633,"South Africa","Savanna Biome",5460,"70",""
"108","Equus Cave",-27.617,24.633,"South Africa","Savanna Biome",10800,"270",""
"109","Faraoskop",-32.1253,18.6144,"South Africa","Fynbos Biome",4420,"60",""
"110","Faraoskop",-32.1253,18.6144,"South Africa","Fynbos Biome",10810,"100",""
"111","Faraoskop",-32.1253,18.6144,"South Africa","Fynbos Biome",11550,"120","Robberg"
"112","Florisbad",-28.767,26.067,"South Africa","Grassland Biome",10000,"100",""
"113","Florisbad",-28.767,26.067,"South Africa","Grassland Biome",11700,"110",""
"114","Gehle Shelter",-29.13,29.906,"South Africa","Grassland Biome",4330,"60","Wilton"
"115","Gehle Shelter",-29.13,29.906,"South Africa","Grassland Biome",5690,"70","Wilton"
"116","Good Hope Shelter",-29.656,29.427,"South Africa","Grassland Biome",7670,"55","Wilton"
"117","Grassridge",-31.567,26.85,"South Africa","Grassland Biome",6015,"15","Wilton"
"118","Grassridge",-31.567,26.85,"South Africa","Grassland Biome",6040,"15","Wilton"
"119","Grassridge",-31.567,26.85,"South Africa","Grassland Biome",6085,"15","Wilton"
"120","Grassridge",-31.567,26.85,"South Africa","Grassland Biome",6100,"15","Wilton"
"121","Grassridge",-31.567,26.85,"South Africa","Grassland Biome",6355,"25","Wilton"
"122","Grassridge",-31.567,26.85,"South Africa","Grassland Biome",6470,"30","Wilton"
"123","Grassridge",-31.567,26.85,"South Africa","Grassland Biome",6360,"30","Wilton"
"124","Matjies River",-34.017,23.417,"South Africa","Azonal Vegetation",10215,"25","Oakhurst"
"125","Grassridge",-31.567,26.85,"South Africa","Grassland Biome",6200,"35","Wilton"
"126","Grassridge",-31.567,26.85,"South Africa","Grassland Biome",6280,"70",""
"127","Grassridge",-31.567,26.85,"South Africa","Grassland Biome",6890,"80",""
"128","Grassridge",-31.567,26.85,"South Africa","Grassland Biome",6850,"100",""
"129","Grassridge",-31.567,26.85,"South Africa","Grassland Biome",6300,"60",""
"130","Grassridge",-31.567,26.85,"South Africa","Grassland Biome",6090,"80",""
"131","Groot Kommandokloof Shelter",-33.4,24.07,"South Africa","Succulent Karoo Biome",6430,"70",""
"132","Ntloana Tšoana",-29.317,27.817,"Lesotho","Grassland Biome",10200,"100","Oakhurst"
"133","Ha Makotoko",-29.333,27.8,"Lesotho","Grassland Biome",10190,"45","Oakhurst"
"134","Nelson Bay Cave",-34.101,23.378,"South Africa","Fynbos Biome",10180,"85","Oakhurst"
"135","Matjies River",-34.017,23.417,"South Africa","Azonal Vegetation",10155,"30","Oakhurst"
"136","Nelson Bay Cave",-34.101,23.378,"South Africa","Fynbos Biome",10155,"45","Oakhurst"
"137","Nelson Bay Cave",-34.101,23.378,"South Africa","Fynbos Biome",10150,"90","Oakhurst"
"138","Ha Makotoko",-29.333,27.8,"Lesotho","Grassland Biome",10135,"45","Oakhurst"
"139","Grassridge",-31.567,26.85,"South Africa","Grassland Biome",10125,"50","Oakhurst"
"140","Ha Makotoko",-29.333,27.8,"Lesotho","Grassland Biome",10125,"45","Oakhurst"
"141","Matjies River",-34.017,23.417,"South Africa","Azonal Vegetation",10120,"40","Oakhurst"
"142","Matjies River",-34.017,23.417,"South Africa","Azonal Vegetation",10100,"190","Oakhurst"
"143","Elands Bay Cave",-32.317,18.318,"South Africa","Fynbos Biome",10090,"65","Oakhurst"
"144","Nyonyane",-27.3,31.9,"Swaziland","Grassland Biome",10080,"430","Oakhurst"
"145","Ha Makotoko",-29.333,27.8,"Lesotho","Grassland Biome",10060,"30","Oakhurst"
"146","Matjies River",-34.017,23.417,"South Africa","Azonal Vegetation",10055,"30","Oakhurst"
"147","Havens Cave",-33.667,24.35,"South Africa","Thicket Biome",6190,"80","Wilton"
"148","Havens Cave",-33.667,24.35,"South Africa","Thicket Biome",6610,"90","Wilton"
"149","Byneskranskop 1",-34.583,19.467,"South Africa","Fynbos Biome",10015,"45","Oakhurst"
"150","Elands Bay Cave",-32.317,18.318,"South Africa","Fynbos Biome",10000,"90","Oakhurst"
"151","Ha Makotoko",-29.333,27.8,"Lesotho","Grassland Biome",9970,"90","Oakhurst"
"152","Elands Bay Cave",-32.317,18.318,"South Africa","Fynbos Biome",9950,"270","Oakhurst"
"153","Bushman Rock  Shelter",-24.583,30.633,"South Africa","Savanna Biome",9940,"80","Oakhurst"
"154","Matjies River",-34.017,23.417,"South Africa","Azonal Vegetation",9890,"70","Oakhurst"
"155","Highlands Rock Shelter",-31.664,25.572,"South Africa","Nama-Karoo Biome",4500,"60","Final LSA"
"156","Hope Hill Shelter",-26.35,28.833,"South Africa","Grassland Biome",4400,"100",""
"157","Iron Pig Rock Shelter",-25.959,30.243,"South Africa","",8860,"30",""
"158","Iron Pig Rock Shelter",-25.959,30.243,"South Africa","",9170,"30",""
"159","Iron Pig Rock Shelter",-25.959,30.243,"South Africa","",10850,"30",""
"160","Jakkalsberg N",-28.181,16.885,"South Africa","Azonal Vegetation",4860,"40","Wilton"
"161","Jakkalsberg N",-28.181,16.885,"South Africa","Azonal Vegetation",4960,"40","Wilton"
"162","Jakkalsberg N",-28.181,16.885,"South Africa","Azonal Vegetation",4500,"50","Wilton"
"163","Jubilee Shelter",-25.683,27.983,"South Africa","Savanna Biome",4090,"80","Wilton"
"164","Havens Cave",-33.667,24.35,"South Africa","Thicket Biome",9790,"90","Oakhurst"
"165","Jubilee Shelter",-25.683,27.983,"South Africa","Savanna Biome",5250,"129","Wilton"
"166","Jubilee Shelter",-25.683,27.983,"South Africa","Savanna Biome",6490,"200","Wilton"
"167","Kabeljous River Shelter",-33.967,24.917,"South Africa","Fynbos Biome",5750,"80","Wilton"
"168","Kangkara Cave",-33.783,23.083,"South Africa","Fynbos Biome",5355,"55","Wilton"
"169","Kangkara Cave",-33.783,23.083,"South Africa","Fynbos Biome",6600,"75","Wilton"
"170","Matjies River",-34.017,23.417,"South Africa","Azonal Vegetation",9790,"90","Oakhurst"
"171","Heuningsneskrans",-24.6,30.65,"South Africa","Savanna Biome",9780,"85","Oakhurst"
"172","Kasteelberg G",-32.733,17.933,"South Africa","Fynbos Biome",4550,"60",""
"173","Klasies River Cave 5",-34.13,24.43,"South Africa","Fynbos Biome",4110,"105",""
"174","Kruger Cave",-25.75,27.25,"South Africa","Savanna Biome",9780,"110","Oakhurst"
"175","Byneskranskop 1",-34.583,19.467,"South Africa","Fynbos Biome",9760,"85","Oakhurst"
"176","Koingnaas 2001/008C",-30.222,17.238,"South Africa","Succulent Karoo Biome",4630,"70",""
"177","Sehonghong",-29.75,28.75,"Lesotho","Grassland Biome",9740,"140","Oakhurst"
"178","Kruger Cave",-25.75,27.25,"South Africa","Savanna Biome",10310,"150","Robberg"
"179","Kruger Cave",-25.75,27.25,"South Africa","Savanna Biome",10430,"150","Robberg"
"180","Ntloana Tšoana",-29.317,27.817,"Lesotho","Grassland Biome",9690,"120","Oakhurst"
"181","Matjies River",-34.017,23.417,"South Africa","Azonal Vegetation",9688,"36","Oakhurst"
"182","Ntloana Tšoana",-29.317,27.817,"Lesotho","Grassland Biome",9650,"30","Oakhurst"
"183","Elands Bay Cave",-32.317,18.318,"South Africa","Fynbos Biome",9640,"90","Oakhurst"
"184","Matjies River",-34.017,23.417,"South Africa","Azonal Vegetation",9610,"170","Oakhurst"
"185","Elands Bay Cave",-32.317,18.318,"South Africa","Fynbos Biome",9600,"90","Oakhurst"
"186","Kruger Cave",-25.75,27.25,"South Africa","Savanna Biome",9590,"130","Oakhurst"
"187","Bushman Rock  Shelter",-24.583,30.633,"South Africa","Savanna Biome",9570,"55","Oakhurst"
"188","Kruger Cave",-25.75,27.25,"South Africa","Savanna Biome",10150,"90","Robberg"
"189","Kruger Cave",-25.75,27.25,"South Africa","Savanna Biome",9100,"90",""
"190","Leliehoek",-29.117,27.25,"South Africa","Grassland Biome",4860,"100","Wilton"
"191","Leliehoek",-29.117,27.25,"South Africa","Grassland Biome",5210,"100","Wilton"
"192","Lion Cavern",-26.2,31.033,"Swaziland","Grassland Biome",9640,"80",""
"193","Liphofung",-28.753,28.496,"Lesotho","Grassland Biome",4390,"70",""
"194","Liphofung",-28.753,28.496,"Lesotho","Grassland Biome",7230,"140",""
"195","Lithakong",-29.457,28.101,"Lesotho","Grassland Biome",4790,"50",""
"196","Little Witkrans",-27.661,24.613,"South Africa","Savanna Biome",4710,"65",""
"197","Little Witkrans",-27.661,24.613,"South Africa","Savanna Biome",7470,"70",""
"198","Malkoppan",-32.134,18.309,"South Africa","Fynbos Biome",4230,"60",""
"199","Maqonqo Shelter",-28.344,30.424,"South Africa","Grassland Biome",4790,"60","Wilton"
"200","Maqonqo Shelter",-28.344,30.424,"South Africa","Grassland Biome",4300,"20","Wilton"
"201","Maqonqo Shelter",-28.344,30.424,"South Africa","Grassland Biome",4080,"25","Wilton"
"202","Maqonqo Shelter",-28.344,30.424,"South Africa","Grassland Biome",4640,"70","Wilton"
"203","Maqonqo Shelter",-28.344,30.424,"South Africa","Grassland Biome",5680,"70","Wilton"
"204","Maqonqo Shelter",-28.344,30.424,"South Africa","Grassland Biome",4960,"70","Wilton"
"205","Maqonqo Shelter",-28.344,30.424,"South Africa","Grassland Biome",4140,"60","Wilton"
"206","Maqonqo Shelter",-28.344,30.424,"South Africa","Grassland Biome",6300,"80","Wilton"
"207","Maqonqo Shelter",-28.344,30.424,"South Africa","Grassland Biome",8670,"140","Wilton"
"208","Maqonqo Shelter",-28.344,30.424,"South Africa","Grassland Biome",7460,"140","Wilton"
"209","Matjies River",-34.017,23.417,"South Africa","Azonal Vegetation",7050,"45","Wilton"
"210","Matjies River",-34.017,23.417,"South Africa","Azonal Vegetation",7750,"300","Wilton"
"211","Matjies River",-34.017,23.417,"South Africa","Azonal Vegetation",5400,"250","Wilton"
"212","Ntloana Tšoana",-29.317,27.817,"Lesotho","Grassland Biome",9570,"30","Oakhurst"
"213","Siphiso",-26.3,31.967,"Swaziland","Savanna Biome",9570,"450","Oakhurst"
"214","Matjies River",-34.017,23.417,"South Africa","Azonal Vegetation",7295,"32","Wilton"
"215","Ntloana Tšoana",-29.317,27.817,"Lesotho","Grassland Biome",9560,"45","Oakhurst"
"216","Ntloana Tšoana",-29.317,27.817,"Lesotho","Grassland Biome",9530,"30","Oakhurst"
"217","Bushman Rock  Shelter",-24.583,30.633,"South Africa","Savanna Biome",9510,"55","Oakhurst"
"218","Ntloana Tšoana",-29.317,27.817,"Lesotho","Grassland Biome",9505,"55","Oakhurst"
"219","Matjies River",-34.017,23.417,"South Africa","Azonal Vegetation",7010,"80","Wilton"
"220","Ntloana Tšoana",-29.317,27.817,"Lesotho","Grassland Biome",9420,"110","Oakhurst"
"221","Matjies River",-34.017,23.417,"South Africa","Azonal Vegetation",6720,"25","Wilton"
"222","Matjies River",-34.017,23.417,"South Africa","Azonal Vegetation",7075,"25","Wilton"
"223","Ntloana Tšoana",-29.317,27.817,"Lesotho","Grassland Biome",9420,"30","Oakhurst"
"224","Siphiso",-26.3,31.967,"Swaziland","Savanna Biome",9380,"90","Oakhurst"
"225","Siphiso",-26.3,31.967,"Swaziland","Savanna Biome",9370,"160","Oakhurst"
"226","Siphiso",-26.3,31.967,"Swaziland","Savanna Biome",9360,"190","Oakhurst"
"227","Matjies River",-34.017,23.417,"South Africa","Azonal Vegetation",4740,"50","Wilton"
"228","Matjies River",-34.017,23.417,"South Africa","Azonal Vegetation",4615,"20","Wilton"
"229","Matjies River",-34.017,23.417,"South Africa","Azonal Vegetation",5720,"70","Wilton"
"230","Matjies River",-34.017,23.417,"South Africa","Azonal Vegetation",4665,"20","Wilton"
"231","Ntloana Tšoana",-29.317,27.817,"Lesotho","Grassland Biome",9335,"30","Oakhurst"
"232","Nelson Bay Cave",-34.101,23.378,"South Africa","Fynbos Biome",9325,"45","Oakhurst"
"233","Ha Makotoko",-29.333,27.8,"Lesotho","Grassland Biome",9320,"30","Oakhurst"
"234","Ha Makotoko",-29.333,27.8,"Lesotho","Grassland Biome",9290,"90","Oakhurst"
"235","Matjies River",-34.017,23.417,"South Africa","Azonal Vegetation",5390,"70","Wilton"
"236","Matjies River",-34.017,23.417,"South Africa","Azonal Vegetation",5370,"70","Wilton"
"237","Matjies River",-34.017,23.417,"South Africa","Azonal Vegetation",7420,"80","Wilton"
"238","Matjies River",-34.017,23.417,"South Africa","Azonal Vegetation",5310,"60","Wilton"
"239","Sehonghong",-29.75,28.75,"Lesotho","Grassland Biome",9280,"45","Oakhurst"
"240","Kangkara Cave",-33.783,23.083,"South Africa","Fynbos Biome",9260,"90","Oakhurst"
"241","Rose Cottage Cave",-29.25,27.5,"South Africa","Grassland Biome",9250,"70","Oakhurst"
"242","Melkhoutboom",-33.317,25.283,"South Africa","Thicket Biome",6980,"65","Wilton"
"243","Melkhoutboom",-33.317,25.283,"South Africa","Thicket Biome",5900,"90","Wilton"
"244","Melkhoutboom",-33.317,25.283,"South Africa","Thicket Biome",7300,"80","Wilton"
"245","Mgede Shelter",-28.17,29.687,"South Africa","Grassland Biome",4390,"70","Wilton"
"246","Mgede Shelter",-28.17,29.687,"South Africa","Grassland Biome",6550,"70","Wilton"
"247","Mirabib Hill Shelter",-23.463,15.325,"Namibia","Desert Biome",5190,"80",""
"248","Mirabib Hill Shelter",-23.463,15.325,"Namibia","Desert Biome",6470,"80",""
"249","Mirabib Hill Shelter",-23.463,15.325,"Namibia","Desert Biome",8200,"80",""
"250","Mirabib Hill Shelter",-23.463,15.325,"Namibia","Desert Biome",6330,"60",""
"251","Mirabib Hill Shelter",-23.463,15.325,"Namibia","Desert Biome",5570,"50",""
"252","Mirabib Hill Shelter",-23.463,15.325,"Namibia","Desert Biome",8410,"80",""
"253","Mirabib Hill Shelter",-23.463,15.325,"Namibia","Desert Biome",6500,"80",""
"254","Mitchell's Bay 2005/001E",-30.469,17.361,"South Africa","Succulent Karoo Biome",4180,"90",""
"255","Mitchell's Bay 2005/005B",-30.468,17.36,"South Africa","Succulent Karoo Biome",5390,"70",""
"256","Montagu Cave",-33.833,20.167,"South Africa","Succulent Karoo Biome",7100,"45",""
"257","Mzinyashana Shelter",-28.317,30.467,"South Africa","Grassland Biome",4170,"130","Wilton"
"258","Mzinyashana Shelter",-28.317,30.467,"South Africa","Grassland Biome",4010,"60","Wilton"
"259","N2005/1, Sesfontein",-19.083,13.35,"Namibia","Desert Biome",10035,"45",""
"260","N2005/1, Sesfontein",-19.083,13.35,"Namibia","Desert Biome",5550,"30",""
"261","N2005/2, Sesfontein",-19.05,13.533,"Namibia","Desert Biome",8890,"30",""
"262","Namtib",-26.033,16.25,"Namibia","Desert Biome",7560,"75",""
"263","Namtib",-26.033,16.25,"Namibia","Desert Biome",8230,"70",""
"264","Namtib",-26.033,16.25,"Namibia","Desert Biome",7840,"90","Wilton"
"265","Namtib",-26.033,16.25,"Namibia","Desert Biome",5400,"70",""
"266","Heuningsneskrans",-24.6,30.65,"South Africa","Savanna Biome",9230,"100","Oakhurst"
"267","Nelson Bay Cave",-34.101,23.378,"South Africa","Fynbos Biome",4968,"31","Wilton"
"268","Nelson Bay Cave",-34.101,23.378,"South Africa","Fynbos Biome",4860,"45","Wilton"
"269","Nelson Bay Cave",-34.101,23.378,"South Africa","Fynbos Biome",8281,"38","Wilton"
"270","Ha Makotoko",-29.333,27.8,"Lesotho","Grassland Biome",9220,"30","Oakhurst"
"271","Ha Makotoko",-29.333,27.8,"Lesotho","Grassland Biome",9215,"45","Oakhurst"
"272","Ntloana Tšoana",-29.317,27.817,"Lesotho","Grassland Biome",9150,"30","Oakhurst"
"273","Ha Makotoko",-29.333,27.8,"Lesotho","Grassland Biome",9115,"40","Oakhurst"
"274","Boomplaas",-33.383,22.183,"South Africa","Fynbos Biome",9100,"135","Oakhurst"
"275","Kruger Cave",-25.75,27.25,"South Africa","Savanna Biome",9090,"90","Oakhurst"
"276","Nelson Bay Cave",-34.101,23.378,"South Africa","Fynbos Biome",10450,"50","Robberg"
"277","Nelson Bay Cave",-34.101,23.378,"South Africa","Fynbos Biome",5890,"70","Wilton"
"278","Nelson Bay Cave",-34.101,23.378,"South Africa","Fynbos Biome",5860,"70","Wilton"
"279","Nelson Bay Cave",-34.101,23.378,"South Africa","Fynbos Biome",5320,"220","Wilton"
"280","Nelson Bay Cave",-34.101,23.378,"South Africa","Fynbos Biome",8990,"80","Oakhurst"
"281","Buffelskloof",-33.667,21.867,"South Africa","Thicket Biome",8960,"80","Oakhurst"
"282","Ha Makotoko",-29.333,27.8,"Lesotho","Grassland Biome",8950,"80","Oakhurst"
"283","Oakhurst",-33.933,22.617,"South Africa","Forests",8950,"90","Oakhurst"
"284","Ntloana Tšoana",-29.317,27.817,"Lesotho","Grassland Biome",8945,"45","Oakhurst"
"285","Nelson Bay Cave",-34.101,23.378,"South Africa","Fynbos Biome",6020,"160","Wilton"
"286","Ntloana Tšoana",-29.317,27.817,"Lesotho","Grassland Biome",8905,"70","Oakhurst"
"287","Heuningsneskrans",-24.6,30.65,"South Africa","Savanna Biome",8880,"100","Oakhurst"
"288","Elands Bay Cave",-32.317,18.318,"South Africa","Fynbos Biome",8860,"90","Oakhurst"
"289","Siphiso",-26.3,31.967,"Swaziland","Savanna Biome",8860,"180","Oakhurst"
"290","Nelson Bay Cave",-34.101,23.378,"South Africa","Fynbos Biome",6050,"80","Wilton"
"291","Nelson Bay Cave",-34.101,23.378,"South Africa","Fynbos Biome",5825,"150","Wilton"
"292","Nelson Bay Cave",-34.101,23.378,"South Africa","Fynbos Biome",5830,"115","Wilton"
"293","Nelson Bay Cave",-34.101,23.378,"South Africa","Fynbos Biome",4860,"65","Wilton"
"294","Ntloana Tšoana",-29.317,27.817,"Lesotho","Grassland Biome",8820,"40","Oakhurst"
"295","Nelson Bay Cave",-34.101,23.378,"South Africa","Fynbos Biome",6070,"125","Wilton"
"296","Nkupe Shelter",-28.147,29.937,"South Africa","Grassland Biome",4590,"70","Wilton"
"297","Nkupe Shelter",-28.147,29.937,"South Africa","Grassland Biome",6650,"80","Wilton"
"298","Nkupe Shelter",-28.147,29.937,"South Africa","Grassland Biome",5760,"70","Wilton"
"299","Nswatugi Cave",-20.533,28.467,"Zimbabwe","Savanna Biome",6490,"70",""
"300","Nswatugi Cave",-20.533,28.467,"Zimbabwe","Savanna Biome",9790,"90",""
"301","Nswatugi Cave",-20.533,28.467,"Zimbabwe","Savanna Biome",7880,"70",""
"302","Ntloana Tšoana",-29.317,27.817,"Lesotho","Grassland Biome",8802,"39","Oakhurst"
"303","Ntloana Tšoana",-29.317,27.817,"Lesotho","Grassland Biome",8790,"30","Oakhurst"
"304","Ntloana Tšoana",-29.317,27.817,"Lesotho","Grassland Biome",8780,"30","Oakhurst"
"305","Ha Makotoko",-29.333,27.8,"Lesotho","Grassland Biome",8710,"30","Oakhurst"
"306","Siphiso",-26.3,31.967,"Swaziland","Savanna Biome",8700,"120","Oakhurst"
"307","Ntloana Tšoana",-29.317,27.817,"Lesotho","Grassland Biome",8690,"30","Oakhurst"
"308","Tloutle",-29.467,27.767,"Lesotho","Grassland Biome",8680,"70","Oakhurst"
"309","Ntloana Tšoana",-29.317,27.817,"Lesotho","Grassland Biome",11830,"90","Robberg"
"310","Rose Cottage Cave",-29.25,27.5,"South Africa","Grassland Biome",8614,"38","Oakhurst"
"311","Ha Makotoko",-29.333,27.8,"Lesotho","Grassland Biome",8595,"45","Oakhurst"
"312","Nelson Bay Cave",-34.101,23.378,"South Africa","Fynbos Biome",8570,"170","Oakhurst"
"313","Nelson Bay Cave",-34.101,23.378,"South Africa","Fynbos Biome",8550,"37","Oakhurst"
"314","Blydefontein",-31.133,25.05,"South Africa","Grassland Biome",8541,"417","Oakhurst"
"315","Jubilee Shelter",-25.683,27.983,"South Africa","Savanna Biome",8500,"240","Oakhurst"
"316","Nelson Bay Cave",-34.101,23.378,"South Africa","Fynbos Biome",8447,"39","Oakhurst"
"317","Rose Cottage Cave",-29.25,27.5,"South Africa","Grassland Biome",8380,"70","Oakhurst"
"318","Ha Makotoko",-29.333,27.8,"Lesotho","Grassland Biome",8370,"80","Oakhurst"
"319","Rose Cottage Cave",-29.25,27.5,"South Africa","Grassland Biome",8350,"70","Oakhurst"
"320","Wilton Large Rock Shelter",-33.325,26.142,"South Africa","Fynbos Biome",8260,"720","Oakhurst"
"321","Numas Schlucht Cave (Lower Numas Cave)",-21.117,14.417,"Namibia","Desert Biome",4180,"60","Wilton"
"322","Numas Schlucht Cave (Lower Numas Cave)",-21.117,14.417,"Namibia","Desert Biome",4840,"50","Wilton"
"323","Nyonyane",-27.3,31.9,"Swaziland","Grassland Biome",8080,"160",""
"324","Nyonyane",-27.3,31.9,"Swaziland","Grassland Biome",8880,"140",""
"325","Nyonyane",-27.3,31.9,"Swaziland","Grassland Biome",9310,"90",""
"326","Rose Cottage Cave",-29.25,27.5,"South Africa","Grassland Biome",8160,"70","Oakhurst"
"327","Nelson Bay Cave",-34.101,23.378,"South Africa","Fynbos Biome",8070,"240","Oakhurst"
"328","Oakhurst",-33.933,22.617,"South Africa","Forests",4830,"250",""
"329","Oakhurst",-33.933,22.617,"South Africa","Forests",4995,"215",""
"330","Oakhurst",-33.933,22.617,"South Africa","Forests",4870,"210",""
"331","Oakhurst",-33.933,22.617,"South Africa","Forests",6180,"70",""
"332","Oakhurst",-33.933,22.617,"South Africa","Forests",5330,"60",""
"333","Oakhurst",-33.933,22.617,"South Africa","Forests",9100,"90",""
"334","Oakhurst",-33.933,22.617,"South Africa","Forests",8270,"55",""
"335","Oakhurst",-33.933,22.617,"South Africa","Forests",7910,"70","Wilton"
"336","Bonawe",-31.317,27.817,"South Africa","Grassland Biome",8040,"100","Oakhurst"
"337","Oakhurst",-33.933,22.617,"South Africa","Forests",4880,"70",""
"338","Oakhurst",-33.933,22.617,"South Africa","Forests",4880,"70",""
"339","Oakhurst",-33.933,22.617,"South Africa","Forests",7120,"60",""
"340","Oakhurst",-33.933,22.617,"South Africa","Forests",5450,"70",""
"341","Oakhurst",-33.933,22.617,"South Africa","Forests",5990,"70",""
"342","Oakhurst",-33.933,22.617,"South Africa","Forests",4100,"60",""
"343","Oakhurst",-33.933,22.617,"South Africa","Forests",4530,"70",""
"344","Oakhurst",-33.933,22.617,"South Africa","Forests",4900,"60",""
"345","Pockenbank",-27.217,16.517,"Namibia","Desert Biome",6910,"45",""
"346","Pomongwe Cave",-20.533,28.5,"Zimbabwe","Grassland Biome",9400,"100",""
"347","Pomongwe Cave",-20.533,28.5,"Zimbabwe","Grassland Biome",7690,"140",""
"348","Pomongwe Cave",-20.533,28.5,"Zimbabwe","Grassland Biome",7610,"110",""
"349","Ravenscraig",-31,27.783,"South Africa","Grassland Biome",10000,"80","Robberg"
"350","Ravenscraig",-31,27.783,"South Africa","Grassland Biome",10200,"100","Robberg"
"351","Rooikrans",-27.033,27.367,"South Africa","Grassland Biome",6150,"100","Wilton"
"352","Rose Cottage Cave",-29.25,27.5,"South Africa","Grassland Biome",6850,"45","Wilton"
"353","Rose Cottage Cave",-29.25,27.5,"South Africa","Grassland Biome",8640,"100","Wilton"
"354","Matjies River",-34.017,23.417,"South Africa","Azonal Vegetation",7920,"100","Oakhurst"
"355","Matjies River",-34.017,23.417,"South Africa","Azonal Vegetation",7900,"340","Oakhurst"
"356","Matjies River",-34.017,23.417,"South Africa","Azonal Vegetation",7685,"30","Oakhurst"
"357","Rose Cottage Cave",-29.25,27.5,"South Africa","Grassland Biome",5970,"70","Wilton"
"358","Rose Cottage Cave",-29.25,27.5,"South Africa","Grassland Biome",7630,"80","Wilton"
"359","Melkhoutboom",-33.317,25.283,"South Africa","Thicket Biome",7660,"80","Oakhurst"
"360","Rose Cottage Cave",-29.25,27.5,"South Africa","Grassland Biome",9340,"80","Robberg"
"361","Rose Cottage Cave",-29.25,27.5,"South Africa","Grassland Biome",9560,"70","Robberg"
"362","Siphiso",-26.3,31.967,"Swaziland","Savanna Biome",7600,"80","Oakhurst"
"363","Kruger Cave",-25.75,27.25,"South Africa","Savanna Biome",7500,"60","Oakhurst"
"364","Sehonghong",-29.75,28.75,"Lesotho","Grassland Biome",11090,"230","Robberg"
"365","Matjies River",-34.017,23.417,"South Africa","Azonal Vegetation",7400,"30","Oakhurst"
"366","Kangkara Cave",-33.783,23.083,"South Africa","Fynbos Biome",7330,"100","Oakhurst"
"367","Sehonghong",-29.75,28.75,"Lesotho","Grassland Biome",5950,"70","Wilton"
"368","Sehonghong",-29.75,28.75,"Lesotho","Grassland Biome",7210,"80","Oakhurst"
"369","Heuningsneskrans",-24.6,30.65,"South Africa","Savanna Biome",7200,"70","Oakhurst"
"370","Sehonghong",-29.75,28.75,"Lesotho","Grassland Biome",7150,"80","Oakhurst"
"371","Sehonghong",-29.75,28.75,"Lesotho","Grassland Biome",6870,"60","Wilton"
"372","Sehonghong",-29.75,28.75,"Lesotho","Grassland Biome",5870,"25",""
"373","Shongweni South",-29.85,30.717,"South Africa","Savanna Biome",11870,"130","Robberg"
"374","Sibudu Cave",-29.5,31.083,"South Africa","Thicket Biome",10490,"110",""
"375","Sikhanyisweni",-28.467,30.383,"South Africa","Grassland Biome",10000,"100",""
"376","Sikhanyisweni",-28.467,30.383,"South Africa","Grassland Biome",9700,"100",""
"377","Sehonghong",-29.75,28.75,"Lesotho","Grassland Biome",7090,"80","Oakhurst"
"378","Sehonghong",-29.75,28.75,"Lesotho","Grassland Biome",7010,"70","Oakhurst"
"379","Kruger Cave",-25.75,27.25,"South Africa","Savanna Biome",6760,"100","Oakhurst"
"380","Siphiso",-26.3,31.967,"Swaziland","Savanna Biome",5710,"280","Wilton"
"381","Siphiso",-26.3,31.967,"Swaziland","Savanna Biome",6680,"160","Wilton"
"382","Siphiso",-26.3,31.967,"Swaziland","Savanna Biome",6540,"100","Wilton"
"383","Siphiso",-26.3,31.967,"Swaziland","Savanna Biome",6670,"90","Wilton"
"384","Siphiso",-26.3,31.967,"Swaziland","Savanna Biome",6860,"110","Wilton"
"385","Siphiso",-26.3,31.967,"Swaziland","Savanna Biome",7300,"100","Wilton"
"386","Kruger Cave",-25.75,27.25,"South Africa","Savanna Biome",6690,"100","Oakhurst"
"387","Kruger Cave",-25.75,27.25,"South Africa","Savanna Biome",6620,"120","Oakhurst"
"388","Kruger Cave",-25.75,27.25,"South Africa","Savanna Biome",6600,"110","Oakhurst"
"389","Siphiso",-26.3,31.967,"Swaziland","Savanna Biome",10050,"160","Robberg"
"390","Siphiso",-26.3,31.967,"Swaziland","Savanna Biome",11990,"270","Robberg"
"391","Siphiso",-26.3,31.967,"Swaziland","Savanna Biome",11820,"300","Robberg"
"392","Voigtspost 1",-29.117,25.433,"South Africa","Nama-Karoo Biome",6350,"70","Oakhurst"
"393","Soutpansklipheuwel86",-32,18.317,"South Africa","Fynbos Biome",4310,"30",""
"394","Springbokoog 1",-30.217,21.533,"South Africa","Nama-Karoo Biome",4630,"60","Wilton"
"395","Springbokoog 20",-30.217,21.533,"South Africa","Nama-Karoo Biome",4440,"60","Wilton"
"396","St Francis Bay",-34.117,24.767,"South Africa","Azonal Vegetation",4160,"60","Final LSA"
"397","Steenbokfontein",-32.162,18.333,"South Africa","Fynbos Biome",6070,"80","Wilton"
"398","Steenbokfontein",-32.162,18.333,"South Africa","Fynbos Biome",4620,"70","Wilton"
"399","Steenbokfontein",-32.162,18.333,"South Africa","Fynbos Biome",7950,"80","Wilton"
"400","Steenbokfontein",-32.162,18.333,"South Africa","Fynbos Biome",8370,"80","Wilton"
"401","Strathalan A",-30.983,28.383,"South Africa","Grassland Biome",9400,"900",""
"402","Te Vrede",-31.217,28.183,"South Africa","Grassland Biome",10000,"120","Final MSA"
"403","Te Vrede",-31.217,28.183,"South Africa","Grassland Biome",8100,"80",""
"404","Tloutle",-29.467,27.767,"Lesotho","Grassland Biome",5080,"80",""
"405","Tloutle",-29.467,27.767,"Lesotho","Grassland Biome",6140,"100","Wilton"
"406","Tloutle",-29.467,27.767,"Lesotho","Grassland Biome",6910,"80","Wilton"
"407","Tloutle",-29.467,27.767,"Lesotho","Grassland Biome",7230,"80","Wilton"
"408","Byneskranskop 1",-34.583,19.467,"South Africa","Fynbos Biome",5872,"33","Oakhurst"
"409","Tortoise Cave",-32.341,18.399,"South Africa","Fynbos Biome",4050,"100",""
"410","Tortoise Cave",-32.341,18.399,"South Africa","Fynbos Biome",7700,"70","Wilton"
"411","Tortoise Cave",-32.341,18.399,"South Africa","Fynbos Biome",4330,"50","Wilton"
"412","Tortoise Cave",-32.341,18.399,"South Africa","Fynbos Biome",4020,"60","Wilton"
"413","Tortoise Cave",-32.341,18.399,"South Africa","Fynbos Biome",4190,"60","Wilton"
"414","Tortoise Cave",-32.341,18.399,"South Africa","Fynbos Biome",6910,"80","Wilton"
"415","Tortoise Cave",-32.341,18.399,"South Africa","Fynbos Biome",5530,"30","Wilton"
"416","Tshisiku Shelter",-22.233,29.148,"South Africa","Savanna Biome",5440,"60","Wilton"
"417","Tshisiku Shelter",-22.233,29.148,"South Africa","Savanna Biome",6750,"60","Wilton"
"418","Tsisab Schlucht",-21.1,14.683,"Namibia","Desert Biome",6510,"80",""
"419","Txina-Txina",-23.893881,31.912163,"Mozambique","",6791,"20",""
"420","Uitkomst Cave",-25.884,27.618,"South Africa","Savanna Biome",9844,"200",""
"421","Uitkomst Cave",-25.884,27.618,"South Africa","Savanna Biome",9630,"200",""
"422","Uitkomst Cave",-25.884,27.618,"South Africa","Savanna Biome",11250,"200",""
"423","Umhlatuzana",-29.8,30.75,"South Africa","Savanna Biome",9180,"90","Robberg"
"424","Umhlatuzana",-29.8,30.75,"South Africa","Savanna Biome",9870,"90","Robberg"
"425","Uniondale",-33.15,26.383,"South Africa","Thicket Biome",4520,"60","Wilton"
"426","Uniondale",-33.15,26.383,"South Africa","Thicket Biome",6300,"200","Wilton"
"427","Havens Cave",-33.667,24.35,"South Africa","Thicket Biome",5820,"80","Oakhurst"
"428","Waterfall Bluff",-31.434,29.824,"South Africa","Grassland Biome",9670,"55",""
"429","Waterfall Bluff",-31.434,29.824,"South Africa","Grassland Biome",9567,"52",""
"430","Waterfall Bluff",-31.434,29.824,"South Africa","Grassland Biome",9640,"30",""
"431","Waterfall Bluff",-31.434,29.824,"South Africa","Grassland Biome",7261,"40",""
"432","Waterfall Bluff",-31.434,29.824,"South Africa","Grassland Biome",7349,"49",""
"433","Waterfall Bluff",-31.434,29.824,"South Africa","Grassland Biome",7380,"30",""
"434","Waterfall Bluff",-31.434,29.824,"South Africa","Grassland Biome",9607,"57",""
"435","Waterfall Bluff",-31.434,29.824,"South Africa","Grassland Biome",9596,"49",""
"436","Waterfall Bluff",-31.434,29.824,"South Africa","Grassland Biome",9520,"30",""
"437","Waterfall Bluff",-31.434,29.824,"South Africa","Grassland Biome",7514,"52",""
"438","Waterfall Bluff",-31.434,29.824,"South Africa","Grassland Biome",7556,"41",""
"439","Waterfall Bluff",-31.434,29.824,"South Africa","Grassland Biome",7550,"30",""
"440","Waterfall Bluff",-31.434,29.824,"South Africa","Grassland Biome",9543,"47",""
"441","Waterfall Bluff",-31.434,29.824,"South Africa","Grassland Biome",9640,"30",""
"442","Waterfall Bluff",-31.434,29.824,"South Africa","Grassland Biome",9550,"30",""
"443","Waterfall Bluff",-31.434,29.824,"South Africa","Grassland Biome",9548,"48",""
"444","Waterfall Bluff",-31.434,29.824,"South Africa","Grassland Biome",9529,"69",""
"445","Waterfall Bluff",-31.434,29.824,"South Africa","Grassland Biome",9680,"30",""
"446","Waterfall Bluff",-31.434,29.824,"South Africa","Grassland Biome",9470,"43",""
"447","Waterfall Bluff",-31.434,29.824,"South Africa","Grassland Biome",9540,"30",""
"448","Waterfall Bluff",-31.434,29.824,"South Africa","Grassland Biome",9561,"46",""
"449","Waterfall Bluff",-31.434,29.824,"South Africa","Grassland Biome",9499,"45",""
"450","Waterfall Bluff",-31.434,29.824,"South Africa","Grassland Biome",9515,"51",""
"451","Waterfall Bluff",-31.434,29.824,"South Africa","Grassland Biome",11632,"66",""
"452","Waterfall Bluff",-31.434,29.824,"South Africa","Grassland Biome",11687,"63",""
"453","Waterfall Bluff",-31.434,29.824,"South Africa","Grassland Biome",11680,"40",""
"454","Waterfall Bluff",-31.434,29.824,"South Africa","Grassland Biome",9534,"46",""
"455","Waterfall Bluff",-31.434,29.824,"South Africa","Grassland Biome",9497,"49",""
"456","Waterfall Bluff",-31.434,29.824,"South Africa","Grassland Biome",9560,"43",""
"457","Waterfall Bluff",-31.434,29.824,"South Africa","Grassland Biome",9522,"45",""
"458","Waterfall Bluff",-31.434,29.824,"South Africa","Grassland Biome",9568,"47",""
"459","Waterfall Bluff",-31.434,29.824,"South Africa","Grassland Biome",9602,"50",""
"460","Waterfall Bluff",-31.434,29.824,"South Africa","Grassland Biome",9599,"44",""
"461","Waterfall Bluff",-31.434,29.824,"South Africa","Grassland Biome",9596,"53",""
"462","Waterfall Bluff",-31.434,29.824,"South Africa","Grassland Biome",9599,"44",""
"463","Waterfall Bluff",-31.434,29.824,"South Africa","Grassland Biome",9560,"54",""
"464","Waterfall Bluff",-31.434,29.824,"South Africa","Grassland Biome",9639,"44",""
"465","Waterfall Bluff",-31.434,29.824,"South Africa","Grassland Biome",9691,"50",""
"466","Waterfall Bluff",-31.434,29.824,"South Africa","Grassland Biome",9644,"46",""
"467","Waterfall Bluff",-31.434,29.824,"South Africa","Grassland Biome",9594,"51",""
"468","Waterfall Bluff",-31.434,29.824,"South Africa","Grassland Biome",9544,"50",""
"469","Waterfall Bluff",-31.434,29.824,"South Africa","Grassland Biome",9541,"49",""
"470","Waterfall Bluff",-31.434,29.824,"South Africa","Grassland Biome",9580,"45",""
"471","Waterfall Bluff",-31.434,29.824,"South Africa","Grassland Biome",9541,"55",""
"472","Waterfall Bluff",-31.434,29.824,"South Africa","Grassland Biome",9458,"43",""
"473","Waterfall Bluff",-31.434,29.824,"South Africa","Grassland Biome",9543,"47",""
"474","Waterfall Bluff",-31.434,29.824,"South Africa","Grassland Biome",9562,"48",""
"475","Waterfall Bluff",-31.434,29.824,"South Africa","Grassland Biome",9577,"46",""
"476","Waterfall Bluff",-31.434,29.824,"South Africa","Grassland Biome",11860,"56",""
"477","Waterfall Bluff",-31.434,29.824,"South Africa","Grassland Biome",11855,"56",""
"478","Waterfall Bluff",-31.434,29.824,"South Africa","Grassland Biome",11650,"55",""
"479","Waterfall Bluff",-31.434,29.824,"South Africa","Grassland Biome",11641,"56",""
"480","White Paintings Shelter",-18.75,21.75,"Botswana","Desert Biome",4330,"160",""
"481","White Paintings Shelter",-18.75,21.75,"Botswana","Desert Biome",6840,"40",""
"482","Wilde Als Put 2",-30.383,23.8,"South Africa","Nama-Karoo Biome",5630,"170","Oakhurst"
"483","Kruger Cave",-25.75,27.25,"South Africa","Savanna Biome",5400,"160","Oakhurst"
"484","Wilton Large Rock Shelter",-33.325,26.142,"South Africa","Fynbos Biome",4860,"115","Wilton"
"485","Wonderwerk",-27.846,23.555,"South Africa","Savanna Biome",4459,"30",""
"486","Wonderwerk",-27.846,23.555,"South Africa","Savanna Biome",4427,"29",""
"487","Wonderwerk",-27.846,23.555,"South Africa","Savanna Biome",4207,"30",""
"488","Wonderwerk",-27.846,23.555,"South Africa","Savanna Biome",5340,"33",""
"489","Wonderwerk",-27.846,23.555,"South Africa","Savanna Biome",4887,"33",""
"490","Wonderwerk",-27.846,23.555,"South Africa","Savanna Biome",5627,"33",""
"491","Wonderwerk",-27.846,23.555,"South Africa","Savanna Biome",5771,"34",""
"492","Wonderwerk",-27.846,23.555,"South Africa","Savanna Biome",5915,"34",""
"493","Wonderwerk",-27.846,23.555,"South Africa","Savanna Biome",5063,"30",""
"494","Wonderwerk",-27.846,23.555,"South Africa","Savanna Biome",5930,"50",""
"495","Wonderwerk",-27.846,23.555,"South Africa","Savanna Biome",4240,"60",""
"496","Wonderwerk",-27.846,23.555,"South Africa","Savanna Biome",5180,"70",""
"497","Wonderwerk",-27.846,23.555,"South Africa","Savanna Biome",5970,"70",""
"498","Wonderwerk",-27.846,23.555,"South Africa","Savanna Biome",9130,"90",""
"499","Wonderwerk",-27.846,23.555,"South Africa","Savanna Biome",10200,"90",""
"500","Wonderwerk",-27.846,23.555,"South Africa","Savanna Biome",10000,"70",""
"501","Wonderwerk",-27.846,23.555,"South Africa","Savanna Biome",4890,"70",""
"502","Wonderwerk",-27.846,23.555,"South Africa","Savanna Biome",7430,"60",""
"503","Wonderwerk",-27.846,23.555,"South Africa","Savanna Biome",9760,"120",""
"504","Wonderwerk",-27.846,23.555,"South Africa","Savanna Biome",8000,"80",""
"505","Wonderwerk",-27.846,23.555,"South Africa","Savanna Biome",11350,"100",""
"506","Wonderwerk",-27.846,23.555,"South Africa","Savanna Biome",6840,"80",""
"507","Wonderwerk",-27.846,23.555,"South Africa","Savanna Biome",5800,"70",""
"508","Wonderwerk",-27.846,23.555,"South Africa","Savanna Biome",9030,"90",""
"509","Wonderwerk",-27.846,23.555,"South Africa","Savanna Biome",10120,"100",""
"510","Wonderwerk",-27.846,23.555,"South Africa","Savanna Biome",10120,"120",""
"511","Wonderwerk",-27.846,23.555,"South Africa","Savanna Biome",10080,"100",""
"512","Zebra River",-24.767,15.35,"Namibia","Desert Biome",11900,"90",""
"513","Zoovoorbij",-28.65,20.967,"South Africa","Nama-Karoo Biome",4140,"75","Wilton"
